juno1h4...2avzr5,5
juno1lt...mr3ke7,5
juno1mf...f6yp8a,5
juno1d5...t2uedx,2
juno1cg...dz6f3y,5
juno1ud...nqms8w,5
juno17c...8u9ga0,5
juno1yp...2luv2j,3
juno14z...nxezvd,2
juno1cm...25wtjy,1
juno160...q0xzta,2
juno1th...nqgceu,2
juno1fd...8vqqen,2
juno12m...yrh54e,1
juno1r0...38zmkv,1
juno14d...24ts9t,5
juno127...elznty,2
juno103...zzr20m,3
juno1wj...kqch8j,5
juno1fn...2gvafp,3
juno1ke...88ah7z,5
juno155...uwzyyy,5
juno1cd...mn3erl,1
juno1j6...rtmc66,1
juno1uj...k6yzug,1
juno10p...3t39vz,1
juno1n0...e9z7rm,1
juno1ar...znlvhh,5
juno139...05vzhe,2
juno1xl...pwtnqm,5
juno1ag...us774z,1
juno1lt...0tngqf,2
juno1c9...cye3qs,1
juno1n8...llaeem,3
juno126...k5k50y,3
juno152...qjt934,1
juno1um...xydasu,2
juno13g...xlrnrw,3
juno1w2...mstd9x,1
juno1wu...rm07w6,3
juno197...a9hkvv,2
juno10t...zl9qql,1
juno1g5...5fkwmh,3
juno124...jq4qq2,1
juno1xg...hm9zqm,1
juno1rc...qafy09,5
juno17h...zh2sd0,1
juno1ss...ys2az7,5
juno14k...4m7gpl,1
juno1y2...8tsw4s,2
juno1w...hzxpl9,2