juno1pv...8n55xn,4.0
juno1a3...vg2vyy,1.0
juno1a4...ltzqaw,3.0
juno1a5...r85j9t,1.0
juno1ag...us774z,2.0
juno1ah...x3zxqj,5.0
juno1c6...3ynzng,2.0
juno1ch...wq3qtf,1.0
juno1cn...htjrt9,1.0
juno1df...nv79us,1.0
juno1dr...6vkq2t,1.0
juno1e6...74v0gm,5.0
juno1e4...fyvhdz,1.0
juno1ea...3zmcr ,1.0
juno1eq...qu4j08,1.0
juno1g5...5fkwmh,5.0
juno1gc...umqr5m,5.0
juno1h3...9prfgn,1.0
juno1hr...z9un04,1.0
juno1hx...fzrdrr,2.0
juno1j3...qerknu,1.0
juno1jn...z6026x,2.0
juno1k6...2yta4d,5.0
juno1ke...dcjfda,1.0
juno1kq...uajgqm,1.0
juno1ku...v8apfu,3.0
juno1le...qszp8q,2.0
juno1lt...mr3ke7,3.0
juno1m5...kwkmqm,5.0
juno1mf...f6yp8a,2.0
juno1n4...5fa3e6,1.0
juno1n8...llaeem,5.0
juno1nd...3wvej6,1.0
juno1ng...azfscf,5.0
juno1p7...pgxq0r,1.0
juno1p4...sr0wf ,1.0
juno1qh...et7sm3,1.0
juno1qs...wsxrhr,3.0
juno1qv...wzs2xk,5.0
juno1rd...azqllt,5.0
juno1sf...s7k4eq,1.0
juno1ss...ys2az7,5.0
juno1t2...danv3v,1.0
juno1th...nqgceu,3.0
juno1u9...m3u5h7,1.0
juno1ud...nqms8w,5.0
juno1vh...njaryr,5.0
juno1vu...kqqckc,3.0
juno1w3...up4cc9,3.0
juno1ws...hzxpl9,2.0
juno1wu...rm07w6,3.0
juno1x0...tlwx7c,5.0
juno1x4...uf9naw,1.0
juno1xg...hm9zqm,1.0
juno1xg...xad98u,2.0
juno1xr...tyupfa,1.0
juno1y3...4jpg4p,5.0
juno1y3...0fkxeg,5.0
juno1yn...qgyz46,1.0
juno1yv...qlxqam,1.0
juno1zh...a752cf,5.0
juno1zk...fvnlmu,2.0
juno10f...7crtwu,1.0
juno10p...3t39vz,5.0
juno10t...zl9qql,3.0
juno12n...3adpm5,1.0
juno13g...xlrnrw,1.0
juno13j...cks8gm,1.0
juno15k...mj4gph,2.0
juno15r...ceuu72,1.0
juno16a...weal62,1.0
juno17h...5qrrx8,1.0
juno17h...zh2sd0,5.0
juno18r...7l9gyl,3.0
juno19c...nkyumu,1.0
juno19d...csfzc0,3.0
juno19e...u0kl76,1.0
juno19g...dm722d,2.0
juno105...zeaym9,1.0
juno154...gq6a5s,5.0
juno165...lq6r2l,4.0
juno165...lq6r2l,4.0
juno178...0aqlre,3.0
juno197...a9hkvv,3.0
juno1ar...znlvhh,5.0
juno1fn...2gvafp,5.0
juno1ke...88ah7z,5.0
juno1wj...kqch8j,5.0
juno10a...pw77pa,2.0
juno14d...24ts9t,5.0
juno103...zzr20m,3.0
juno183...m7fk5e,5.0
juno155...uwzyyy,5.0
juno1a4...qya6j4,5.0
juno1lr...akl66n,1.0
juno1um...xydasu,2.0
juno1xl...pwtnqm,5.0
juno1z8...hmxgw7,1.0
juno1cg...dz6f3y,2.0
juno1cm...25wtjy,1.0
juno1d5...t2uedx,1.0
juno1gk...el8r33,2.0
juno1h4...2avzr5,5.0
juno1jn...9e4y0s,1.0
juno1y8...nc86zg,3.0
juno1yp...2luv2j,2.0
juno17c...8u9ga0,2.0
juno100...q06rvn,1.0
